fecha,tipo,asset_id,monto,remitente,receptor,tx_id,ronda,nota
2024-09-25 07:28:14,Recibido,ALGO,1.3e-05,WARN666I6ITOTBIFMYOOYDAT2JA63QQO2Y6MJCNER5YAF4L6MQO7W6SCAM,53B5Q2CMPW2HZDZYKXECOMQGZDWNIT4W75B3D5XAT3ABPDCMCQT6RVHJGI,35PVVS2FTNJVWUYVAD2Q2VM744IGVBMM6RXGEMXYA7IUX47O3BBQ,42864528,The message you just received a KNOWN phishing scam. Do NOT connect or give your phrase to that site!
2024-09-25 07:27:51,Recibido,ALGO,0.0001,5ZTFAAE5XSZXQSE2VSYNP2IDQTODCAWJD5YXMPIRYRDVKE3XZSL7FXHCSU,53B5Q2CMPW2HZDZYKXECOMQGZDWNIT4W75B3D5XAT3ABPDCMCQT6RVHJGI,MDPVBFVOD4ZQDHIVZ7FT6YDXG6AZZDKFFDEVISPZJRM3QYPQ7IJQ,42864520,Hourly reward from Algorand governance. Claim more here. https://algorand-rewards.org
2024-09-25 04:58:19,Recibido,ALGO,1.3e-05,WARN666I6ITOTBIFMYOOYDAT2JA63QQO2Y6MJCNER5YAF4L6MQO7W6SCAM,53B5Q2CMPW2HZDZYKXECOMQGZDWNIT4W75B3D5XAT3ABPDCMCQT6RVHJGI,WVTUZMQGNC4JFEOTAVRRN5EPGPJBNE3DUENNFX5U7GMY5RNJ6ZOA,42861379,The message you just received a KNOWN phishing scam. Do NOT connect or give your phrase to that site!
2024-09-25 04:58:10,Recibido,ALGO,0.0001,5ZTFAAE5XSZXQSE2VSYNP2IDQTODCAWJD5YXMPIRYRDVKE3XZSL7FXHCSU,53B5Q2CMPW2HZDZYKXECOMQGZDWNIT4W75B3D5XAT3ABPDCMCQT6RVHJGI,FKDOJUFFBBBEAJTGAHWBFOR622QWBEIQXSW3RNRRAPKPJXFJASWA,42861376,Hourly reward from Algorand governance. Claim more here. https://algorand-rewards.org
2024-08-19 01:03:06,Recibido,ALGO,1.3e-05,WARN666I6ITOTBIFMYOOYDAT2JA63QQO2Y6MJCNER5YAF4L6MQO7W6SCAM,53B5Q2CMPW2HZDZYKXECOMQGZDWNIT4W75B3D5XAT3ABPDCMCQT6RVHJGI,XU3YX7ECDNNQOG75LGI7O4C4FNKECB2QXFTLGFVHA3VKTDYNI4VQ,41737699,The message you just received a KNOWN phishing scam. Do NOT connect or give your phrase to that site!
2024-08-18 14:07:47,Recibido,ALGO,1.3e-05,WARN666I6ITOTBIFMYOOYDAT2JA63QQO2Y6MJCNER5YAF4L6MQO7W6SCAM,53B5Q2CMPW2HZDZYKXECOMQGZDWNIT4W75B3D5XAT3ABPDCMCQT6RVHJGI,SMU22BV2TAKOMNUSKBRMIXM2FLH5CK7OL6HZQVR4JVE53PFTEHVQ,41723929,The message you just received a KNOWN phishing scam. Do NOT connect or give your phrase to that site!
2024-08-18 14:06:30,Recibido,ALGO,1.3e-05,WARN666I6ITOTBIFMYOOYDAT2JA63QQO2Y6MJCNER5YAF4L6MQO7W6SCAM,53B5Q2CMPW2HZDZYKXECOMQGZDWNIT4W75B3D5XAT3ABPDCMCQT6RVHJGI,PIMFJGR264SIXARL6LVH4VXBNOECXQEZDS4LRGSHIN6OUEGFOSAQ,41723902,The message you just received a KNOWN phishing scam. Do NOT connect or give your phrase to that site!
2024-08-18 05:16:07,Recibido,ALGO,1.3e-05,WARN666I6ITOTBIFMYOOYDAT2JA63QQO2Y6MJCNER5YAF4L6MQO7W6SCAM,53B5Q2CMPW2HZDZYKXECOMQGZDWNIT4W75B3D5XAT3ABPDCMCQT6RVHJGI,4MKWQJCXCFX6AVYG4ZYXGDR3RPTMBV5OYLM4ZNQ2WOTG3E6NDNBQ,41712754,The message you just received a KNOWN phishing scam. Do NOT connect or give your phrase to that site!
2024-08-14 05:06:00,Recibido,ALGO,1.3e-05,WARN666I6ITOTBIFMYOOYDAT2JA63QQO2Y6MJCNER5YAF4L6MQO7W6SCAM,53B5Q2CMPW2HZDZYKXECOMQGZDWNIT4W75B3D5XAT3ABPDCMCQT6RVHJGI,FAKXFOJFLU2CMORCCFMQQMMNYXO3TXIBND2V2CUAPKDRIQTIORFQ,41591443,The message you just received a KNOWN phishing scam. Do NOT connect or give your phrase to that site!
2024-08-14 03:10:03,Recibido,ALGO,1.3e-05,WARN666I6ITOTBIFMYOOYDAT2JA63QQO2Y6MJCNER5YAF4L6MQO7W6SCAM,53B5Q2CMPW2HZDZYKXECOMQGZDWNIT4W75B3D5XAT3ABPDCMCQT6RVHJGI,X2YFVSCFHTC6B77533PRHVNZVH7KQX66CSQ44LBEGOSJ47BHJKEA,41588998,The message you just received a KNOWN phishing scam. Do NOT connect or give your phrase to that site!
2024-06-30 11:20:05,Recibido,ALGO,1.3e-05,WARN666I6ITOTBIFMYOOYDAT2JA63QQO2Y6MJCNER5YAF4L6MQO7W6SCAM,53B5Q2CMPW2HZDZYKXECOMQGZDWNIT4W75B3D5XAT3ABPDCMCQT6RVHJGI,UZVURQEYEU4ULENXJF3PBPPJUCKSJOXCK3QQPCAL2FOQLSPX4N3Q,40242742,The message you just received a KNOWN phishing scam. Do NOT connect or give your phrase to that site!
2024-06-30 11:19:53,Recibido,ALGO,0.0001,AAX3IL7JX44Z5V3WVUB3Y2NXX6UDP6S7CPTFIJZFLO6RZ2L552VIG2ZZVE,53B5Q2CMPW2HZDZYKXECOMQGZDWNIT4W75B3D5XAT3ABPDCMCQT6RVHJGI,Q2H2U6KB3VVKQMMF2HQOHCKMLAHW4EYLSZHDAQY32KZD5E4LPJJA,40242738,"This address has been registered to whitelist of Algorand Rewards Program according to the recent activities on network. Claim $10,000 ALGO at https://algorewardsâ€‹.com"
2024-06-06 08:03:33,Recibido,ALGO,1.3e-05,WARN666I6ITOTBIFMYOOYDAT2JA63QQO2Y6MJCNER5YAF4L6MQO7W6SCAM,53B5Q2CMPW2HZDZYKXECOMQGZDWNIT4W75B3D5XAT3ABPDCMCQT6RVHJGI,TFJP5UNVDHJJRGRRPKPYJ7VX224YDZFIG2YUWFKMLQKARC4K4HBQ,39519249,The transaction you just received a KNOWN phishing scam impersonating Algorand. Do NOT connect or give your phrase to that site!
2024-06-06 08:03:18,Recibido,ALGO,0.0001,5ZTFAAE5XSZXQSE2VSYNP2IDQTODCAWJD5YXMPIRYRDVKE3XZSL7FXHCSU,53B5Q2CMPW2HZDZYKXECOMQGZDWNIT4W75B3D5XAT3ABPDCMCQT6RVHJGI,YMFIGOQIDGQZE4OGV34QQG26SGI4JYISAIBKWZHLIKSFQOTVEQPA,39519244,Hourly reward from Algorand governance. Claim more here. https://algorand-reward.net
2024-06-05 15:51:58,Recibido,ALGO,1.3e-05,WARN666I6ITOTBIFMYOOYDAT2JA63QQO2Y6MJCNER5YAF4L6MQO7W6SCAM,53B5Q2CMPW2HZDZYKXECOMQGZDWNIT4W75B3D5XAT3ABPDCMCQT6RVHJGI,5PCZ7AID2WPM7Z23JY5YD4DAKCCPARJNNTPKNB5K73QGMWRLISYQ,39499071,The transaction you just received a KNOWN phishing scam impersonating Algorand. Do NOT connect or give your phrase to that site!
2024-06-05 15:51:52,Recibido,ALGO,0.0001,5ZTFAAE5XSZXQSE2VSYNP2IDQTODCAWJD5YXMPIRYRDVKE3XZSL7FXHCSU,53B5Q2CMPW2HZDZYKXECOMQGZDWNIT4W75B3D5XAT3ABPDCMCQT6RVHJGI,XXAIN4FFNYPZNVUXX4HB6JOOMMAHBLRBN2HDNAMKNE6MKCVHWK3Q,39499069,Hourly reward from Algorand governance. Claim more here. https://algorand-reward.net
2024-06-04 23:43:51,Recibido,ALGO,1.3e-05,WARN666I6ITOTBIFMYOOYDAT2JA63QQO2Y6MJCNER5YAF4L6MQO7W6SCAM,53B5Q2CMPW2HZDZYKXECOMQGZDWNIT4W75B3D5XAT3ABPDCMCQT6RVHJGI,MB5T24YZ43CSS464UZRPEO2H3LX4H3U4W2SSHDCGDZDCFUAEC2ZQ,39478894,The transaction you just received a KNOWN phishing scam impersonating Algorand. Do NOT connect or give your phrase to that site!
2024-06-04 23:43:45,Recibido,ALGO,0.0001,5ZTFAAE5XSZXQSE2VSYNP2IDQTODCAWJD5YXMPIRYRDVKE3XZSL7FXHCSU,53B5Q2CMPW2HZDZYKXECOMQGZDWNIT4W75B3D5XAT3ABPDCMCQT6RVHJGI,JD4VN2FIDSROF4RQ4Q74E663JPQIVRNBKSMAZIYX2BYI6CNARUJA,39478892,Hourly reward from Algorand governance. Claim more here. https://algorand-reward.net
2024-06-04 07:32:00,Recibido,ALGO,1.3e-05,WARN666I6ITOTBIFMYOOYDAT2JA63QQO2Y6MJCNER5YAF4L6MQO7W6SCAM,53B5Q2CMPW2HZDZYKXECOMQGZDWNIT4W75B3D5XAT3ABPDCMCQT6RVHJGI,IPOKZOQMZWZLSFUETJVFVQNK3MZBCETQ5YFWBBYFHBODIZIRQH2A,39458737,The transaction you just received a KNOWN phishing scam impersonating Algorand. Do NOT connect or give your phrase to that site!
2024-06-04 07:31:55,Recibido,ALGO,0.0001,5ZTFAAE5XSZXQSE2VSYNP2IDQTODCAWJD5YXMPIRYRDVKE3XZSL7FXHCSU,53B5Q2CMPW2HZDZYKXECOMQGZDWNIT4W75B3D5XAT3ABPDCMCQT6RVHJGI,IMLN5ZWQPIWC7TQK5I5SD5X746P5JLES2WRLSSDS7NR54JVSNFFQ,39458735,Hourly reward from Algorand governance. Claim more here. https://algorand-reward.net
2024-05-27 13:21:29,Recibido,ALGO,1.3e-05,WARN666I6ITOTBIFMYOOYDAT2JA63QQO2Y6MJCNER5YAF4L6MQO7W6SCAM,53B5Q2CMPW2HZDZYKXECOMQGZDWNIT4W75B3D5XAT3ABPDCMCQT6RVHJGI,2WVFCKK7C4AANOJYFQWOLZSDX6UUTKEKZSUJ7VY4Q45VEIZ2HKKQ,39226101,The message you just received a KNOWN phishing scam. Do NOT connect or give your phrase to that site!
2024-05-27 13:21:23,Recibido,ALGO,0.0001,5ZTFAAE5XSZXQSE2VSYNP2IDQTODCAWJD5YXMPIRYRDVKE3XZSL7FXHCSU,53B5Q2CMPW2HZDZYKXECOMQGZDWNIT4W75B3D5XAT3ABPDCMCQT6RVHJGI,42DMTKQJOVZEPNS7GM2RM3O46GDHWCV32XTMNL77MZTADXC3WHZQ,39226099,Hourly reward from Algorand governance. Claim more here. https://algorand-reward.net
2024-05-26 21:12:27,Recibido,ALGO,1.3e-05,WARN666I6ITOTBIFMYOOYDAT2JA63QQO2Y6MJCNER5YAF4L6MQO7W6SCAM,53B5Q2CMPW2HZDZYKXECOMQGZDWNIT4W75B3D5XAT3ABPDCMCQT6RVHJGI,LYXPZICZNR5L3FXY3FFFCWNIFEM4NRTHGKZXVQITPQFUT2VAQ5DA,39205931,The message you just received a KNOWN phishing scam. Do NOT connect or give your phrase to that site!
2024-05-26 21:12:22,Recibido,ALGO,0.0001,5ZTFAAE5XSZXQSE2VSYNP2IDQTODCAWJD5YXMPIRYRDVKE3XZSL7FXHCSU,53B5Q2CMPW2HZDZYKXECOMQGZDWNIT4W75B3D5XAT3ABPDCMCQT6RVHJGI,R3NX6GXZBC4CY2S34PJOTLNR3R7DDKCZVTGGFFRL3BSXSKC5PI7A,39205929,Hourly reward from Algorand governance. Claim more here. https://algorand-reward.net
2024-05-26 05:00:28,Recibido,ALGO,1.3e-05,WARN666I6ITOTBIFMYOOYDAT2JA63QQO2Y6MJCNER5YAF4L6MQO7W6SCAM,53B5Q2CMPW2HZDZYKXECOMQGZDWNIT4W75B3D5XAT3ABPDCMCQT6RVHJGI,NAKQSF3RUUUHBREA64JKS3SQF3GCBFCGOR73GLXDGRHZ2LG3Q6VA,39185755,The message you just received a KNOWN phishing scam. Do NOT connect or give your phrase to that site!
2024-05-26 05:00:22,Recibido,ALGO,0.0001,5ZTFAAE5XSZXQSE2VSYNP2IDQTODCAWJD5YXMPIRYRDVKE3XZSL7FXHCSU,53B5Q2CMPW2HZDZYKXECOMQGZDWNIT4W75B3D5XAT3ABPDCMCQT6RVHJGI,D6QSUWY5F2VD77XTMTH6YYRSLTS25CU6Q3BCEN2LX7RDJD7HQUWQ,39185753,Hourly reward from Algorand governance. Claim more here. https://algorand-reward.net
2024-05-26 04:59:13,Recibido,ALGO,1.3e-05,WARN666I6ITOTBIFMYOOYDAT2JA63QQO2Y6MJCNER5YAF4L6MQO7W6SCAM,53B5Q2CMPW2HZDZYKXECOMQGZDWNIT4W75B3D5XAT3ABPDCMCQT6RVHJGI,4TQQTGCT2Y74TTUSVPAQ7CUK63G3A73ANYISLIT42ZVEPDRONQ7Q,39185729,The message you just received a KNOWN phishing scam. Do NOT connect or give your phrase to that site!
2024-05-26 04:59:07,Recibido,ALGO,0.0001,5ZTFAAE5XSZXQSE2VSYNP2IDQTODCAWJD5YXMPIRYRDVKE3XZSL7FXHCSU,53B5Q2CMPW2HZDZYKXECOMQGZDWNIT4W75B3D5XAT3ABPDCMCQT6RVHJGI,6ZBCBZMJ3JSHEXH4Q7HEOJNTENI7DA34UPIAUAIETH5XEQ76MYTA,39185727,Hourly reward from Algorand governance. Claim more here. https://algorand-reward.net
2024-05-25 09:02:31,Recibido,ALGO,1.3e-05,WARN666I6ITOTBIFMYOOYDAT2JA63QQO2Y6MJCNER5YAF4L6MQO7W6SCAM,53B5Q2CMPW2HZDZYKXECOMQGZDWNIT4W75B3D5XAT3ABPDCMCQT6RVHJGI,XCUEPHZQUBCTIQQ2R6I2AZDW6ATXUWJ3SST6QCGRFFTI37APAI5Q,39160876,The message you just received a KNOWN phishing scam. Do NOT connect or give your phrase to that site!
2024-05-25 09:02:25,Recibido,ALGO,0.0001,5ZTFAAE5XSZXQSE2VSYNP2IDQTODCAWJD5YXMPIRYRDVKE3XZSL7FXHCSU,53B5Q2CMPW2HZDZYKXECOMQGZDWNIT4W75B3D5XAT3ABPDCMCQT6RVHJGI,K5VBQM4TUFVONYJI7MQEWAVKWNKG5PBCHIH4QXL5F63UHMZYXQXA,39160874,Hourly reward from Algorand governance. Claim more here. https://algorand-reward.net
2024-05-25 09:02:05,Recibido,ALGO,1.3e-05,WARN666I6ITOTBIFMYOOYDAT2JA63QQO2Y6MJCNER5YAF4L6MQO7W6SCAM,53B5Q2CMPW2HZDZYKXECOMQGZDWNIT4W75B3D5XAT3ABPDCMCQT6RVHJGI,QCYCG4OJ2TGNNYB6GEXY7O2TOLHRC5QZHQESL7LAABYM56C4JHZA,39160867,The transaction you just received a KNOWN phishing scam. Do NOT connect or give your phrase to that site!
2024-05-25 09:01:59,Recibido,ALGO,0.0001,5ZTFAAE5XSZXQSE2VSYNP2IDQTODCAWJD5YXMPIRYRDVKE3XZSL7FXHCSU,53B5Q2CMPW2HZDZYKXECOMQGZDWNIT4W75B3D5XAT3ABPDCMCQT6RVHJGI,CX5UB442HGFCQ67LQ5UFUH7E2P5GASB34OVVV35KIJLOJ3KJOT7Q,39160865,Hourly reward from Algorand governance. Claim more here. https://algorand-reward.com
2024-05-25 04:43:37,Recibido,ALGO,1.3e-05,WARN666I6ITOTBIFMYOOYDAT2JA63QQO2Y6MJCNER5YAF4L6MQO7W6SCAM,53B5Q2CMPW2HZDZYKXECOMQGZDWNIT4W75B3D5XAT3ABPDCMCQT6RVHJGI,HLPU75WG7WNCFNGKIBOZD2IHEZXJGXJ7V5IKKOY33HJM3LVNYWOA,39155489,The transaction you just received a KNOWN phishing scam. Do NOT connect or give your phrase to that site!
2024-05-25 04:43:31,Recibido,ALGO,0.0001,5ZTFAAE5XSZXQSE2VSYNP2IDQTODCAWJD5YXMPIRYRDVKE3XZSL7FXHCSU,53B5Q2CMPW2HZDZYKXECOMQGZDWNIT4W75B3D5XAT3ABPDCMCQT6RVHJGI,JDBVYVDBZ2I63NEXYQL4EP4PEIRBNQLM3KWY7G2Z4DIYNMIC2VMQ,39155487,Hourly reward from Algorand governance. Claim more here. https://algorand-reward.com
2024-04-06 00:24:24,Recibido,ALGO,1.3e-05,WARN666I6ITOTBIFMYOOYDAT2JA63QQO2Y6MJCNER5YAF4L6MQO7W6SCAM,53B5Q2CMPW2HZDZYKXECOMQGZDWNIT4W75B3D5XAT3ABPDCMCQT6RVHJGI,Y5F4YJAE5FVSFZF5SKDQP27C7C7DIJ37R2HHOLAOUVXOI4MQMFYA,37678483,The transaction you just received a KNOWN phishing scam impersonating Defly. Do NOT connect or give your phrase to that site!
2024-04-06 00:24:18,Recibido,ALGO,0.0001,X6JHSKTOBFZE5WMGODPZFYEF6VHLEDICXF7GHMO62CUNWGOGN5OZXPKKMI,53B5Q2CMPW2HZDZYKXECOMQGZDWNIT4W75B3D5XAT3ABPDCMCQT6RVHJGI,J6NX3BDOHQLQ74I6MGWEHJFQIJ7S27CUOLOXRW2KFS7XJUW5ZZEA,37678481,Algorand governance Reward. You can claim here. https://algorand-reward.org
2024-04-04 09:45:39,Recibido,ALGO,5.0,PMKMPWI6EBX3MLYNL45LJTUDHZVPJHKNFAO4IGR7PNLP2EY2CTKO3JI4WY,53B5Q2CMPW2HZDZYKXECOMQGZDWNIT4W75B3D5XAT3ABPDCMCQT6RVHJGI,SRTKUR76D2PFGIKIZS7PVNNXZRCYYH4TP5ZY6OTHWMGGENVHTX5Q,37630347,
2024-03-29 03:52:11,Recibido,ALGO,1.3e-05,WARN666I6ITOTBIFMYOOYDAT2JA63QQO2Y6MJCNER5YAF4L6MQO7W6SCAM,53B5Q2CMPW2HZDZYKXECOMQGZDWNIT4W75B3D5XAT3ABPDCMCQT6RVHJGI,KPNB4KPCPZBYE7DXBRBCN5KWGJEIY62GT2LLUDVDNAQ6R7CJAKYA,37443256,The transaction you just received a KNOWN phishing scam impersonating Defly. Do NOT connect or give your phrase to that site!
2024-03-29 03:52:05,Recibido,ALGO,0.0001,X6JHSKTOBFZE5WMGODPZFYEF6VHLEDICXF7GHMO62CUNWGOGN5OZXPKKMI,53B5Q2CMPW2HZDZYKXECOMQGZDWNIT4W75B3D5XAT3ABPDCMCQT6RVHJGI,CMKGBSDUYBPCCGDUPNOCYDPLEVNWVRZ4GCZX7DK7LQZIG5VQROXQ,37443254,Algorand governance Reward. You can claim here. https://algorand-reward.org
2024-03-27 00:20:27,Recibido,ALGO,1.3e-05,WARN666I6ITOTBIFMYOOYDAT2JA63QQO2Y6MJCNER5YAF4L6MQO7W6SCAM,53B5Q2CMPW2HZDZYKXECOMQGZDWNIT4W75B3D5XAT3ABPDCMCQT6RVHJGI,DFD6XYDXKJRKKQQD3AAQWFACK42FBZRDAWRBWE5LFSAUV2UERWIQ,37378910,The transaction you just received a KNOWN phishing scam impersonating Defly. Do NOT connect or give your phrase to that site!
2024-03-27 00:20:21,Recibido,ALGO,0.0001,X6JHSKTOBFZE5WMGODPZFYEF6VHLEDICXF7GHMO62CUNWGOGN5OZXPKKMI,53B5Q2CMPW2HZDZYKXECOMQGZDWNIT4W75B3D5XAT3ABPDCMCQT6RVHJGI,IB7QLUSZZDZIART7QR3645K56B3RKGJZZUVQSVRKQKPNDK76HXCQ,37378908,Algorand governance Reward. You can claim here. https://algorand-reward.org
2024-03-19 06:05:05,Recibido,ALGO,1.3e-05,WARN666I6ITOTBIFMYOOYDAT2JA63QQO2Y6MJCNER5YAF4L6MQO7W6SCAM,53B5Q2CMPW2HZDZYKXECOMQGZDWNIT4W75B3D5XAT3ABPDCMCQT6RVHJGI,WXHPP72FD5VZDQ2I6TZTYD7E4IAGTVA4CZQ7HW3RUGICOE4OBE5Q,37145823,The transaction you just received a KNOWN phishing scam impersonating Defly. Do NOT connect or give your phrase to that site!
2024-03-19 06:04:56,Recibido,ALGO,0.0001,X6JHSKTOBFZE5WMGODPZFYEF6VHLEDICXF7GHMO62CUNWGOGN5OZXPKKMI,53B5Q2CMPW2HZDZYKXECOMQGZDWNIT4W75B3D5XAT3ABPDCMCQT6RVHJGI,NBJ3NVFPIWZHH3O77VEMOD6A6AGKYRU3KL3ZE6VBSOIFHDOGSNDA,37145820,Algorand governance Reward. You can claim here. https://algorand-reward.org
2024-03-18 08:40:41,Recibido,ALGO,1.3e-05,WARN666I6ITOTBIFMYOOYDAT2JA63QQO2Y6MJCNER5YAF4L6MQO7W6SCAM,53B5Q2CMPW2HZDZYKXECOMQGZDWNIT4W75B3D5XAT3ABPDCMCQT6RVHJGI,S3VDTYNVTO4VCJKFM4QMX7KTJIICVRATLFA4MVS4SMWD46LSQAVQ,37118928,The transaction you just received a KNOWN phishing scam impersonating Defly. Do NOT connect or give your phrase to that site!
2024-03-18 08:40:36,Recibido,ALGO,0.0001,X6JHSKTOBFZE5WMGODPZFYEF6VHLEDICXF7GHMO62CUNWGOGN5OZXPKKMI,53B5Q2CMPW2HZDZYKXECOMQGZDWNIT4W75B3D5XAT3ABPDCMCQT6RVHJGI,J56IRXDJTOVXBKJKHT77ZQV2VQDONSDMIINXAMH3EYNB3PEK4BIA,37118926,Algorand governance Reward. You can claim here. https://algorand-reward.org
2024-03-13 07:37:26,Recibido,ALGO,1.3e-05,WARN666I6ITOTBIFMYOOYDAT2JA63QQO2Y6MJCNER5YAF4L6MQO7W6SCAM,53B5Q2CMPW2HZDZYKXECOMQGZDWNIT4W75B3D5XAT3ABPDCMCQT6RVHJGI,SEQHB5M543M5BRRRZONZARPCDSOGIO5OKRMS6DEGDJML32PAJ53Q,36967499,The transaction you just received a KNOWN phishing scam impersonating Defly. Do NOT connect or give your phrase to that site!
2024-03-13 07:37:20,Recibido,ALGO,0.0001,X6JHSKTOBFZE5WMGODPZFYEF6VHLEDICXF7GHMO62CUNWGOGN5OZXPKKMI,53B5Q2CMPW2HZDZYKXECOMQGZDWNIT4W75B3D5XAT3ABPDCMCQT6RVHJGI,O2Q3RNEENF5OU4WANI2ZRU6L6BNN4BFZTBFASVG27BYV2NO4DGCA,36967497,Algorand governance Reward. You can claim here. https://algorand-reward.org
2024-03-06 11:10:17,Recibido,ALGO,1.3e-05,WARN666I6ITOTBIFMYOOYDAT2JA63QQO2Y6MJCNER5YAF4L6MQO7W6SCAM,53B5Q2CMPW2HZDZYKXECOMQGZDWNIT4W75B3D5XAT3ABPDCMCQT6RVHJGI,BJCTJLBUMJYSX7COB7GNPASVZQR6ZY5RWP2CHOHZXZUYL4XOEU3Q,36761865,Do NOT trust random transaction notes - NEVER follow links from them. (We think you just got one). Bookmark important URLs and keep your wallet safe.
2024-03-06 11:10:11,Recibido,ALGO,0.0001,X6JHSKTOBFZE5WMGODPZFYEF6VHLEDICXF7GHMO62CUNWGOGN5OZXPKKMI,53B5Q2CMPW2HZDZYKXECOMQGZDWNIT4W75B3D5XAT3ABPDCMCQT6RVHJGI,NWV6ULM75LBCUSPKXATKJ3RFLFYHPRSIEW56SJ6GL4F5JFKJ4VXA,36761863,Algorand governance Reward. You can claim here. https://algorand-reward.org
2024-03-05 20:43:16,Recibido,ALGO,1.3e-05,WARN666I6ITOTBIFMYOOYDAT2JA63QQO2Y6MJCNER5YAF4L6MQO7W6SCAM,53B5Q2CMPW2HZDZYKXECOMQGZDWNIT4W75B3D5XAT3ABPDCMCQT6RVHJGI,KRZSAVFEDTIJCZLY5IL2VH36ULOY6AP2AH5GA3D5BU6KPDMOT5MA,36743826,Do NOT trust random transaction notes - NEVER follow links from them. (We think you just got one). Bookmark important URLs and keep your wallet safe.
2024-03-05 20:43:11,Recibido,ALGO,0.0001,X6JHSKTOBFZE5WMGODPZFYEF6VHLEDICXF7GHMO62CUNWGOGN5OZXPKKMI,53B5Q2CMPW2HZDZYKXECOMQGZDWNIT4W75B3D5XAT3ABPDCMCQT6RVHJGI,CLCZLQKHGAWKKKNOE4REN2XBRE3VKQ5P62NJOPMJK4QMBLDZMZDA,36743824,Algorand governance Reward. You can claim here. https://algorand-reward.org
2024-03-05 11:46:05,Recibido,ALGO,1.3e-05,WARN666I6ITOTBIFMYOOYDAT2JA63QQO2Y6MJCNER5YAF4L6MQO7W6SCAM,53B5Q2CMPW2HZDZYKXECOMQGZDWNIT4W75B3D5XAT3ABPDCMCQT6RVHJGI,7SP7EWC4DZVBZ3D5LZ2KHFX66IC5FSUB3YAXRWKFDRGFQGG6QIRA,36732592,Do NOT trust random transaction notes - NEVER follow links from them. (We think you just got one). Bookmark important URLs and keep your wallet safe.
2024-03-05 11:45:59,Recibido,ALGO,0.0001,X6JHSKTOBFZE5WMGODPZFYEF6VHLEDICXF7GHMO62CUNWGOGN5OZXPKKMI,53B5Q2CMPW2HZDZYKXECOMQGZDWNIT4W75B3D5XAT3ABPDCMCQT6RVHJGI,VBEPZNE7FV6CD4JC6WIXXPIIB7JXSPMGGMINO3F2M7U2VWODEBIQ,36732590,Algorand governance Reward. You can claim here. https://algorand-reward.org
2024-01-27 08:16:12,Recibido,ALGO,1.3e-05,WARN666I6ITOTBIFMYOOYDAT2JA63QQO2Y6MJCNER5YAF4L6MQO7W6SCAM,53B5Q2CMPW2HZDZYKXECOMQGZDWNIT4W75B3D5XAT3ABPDCMCQT6RVHJGI,SN6CIWOLJNYETZDK7KSX6UNCSPTABNZECJSRH2NXWBEM4GZN2ZDA,35589147,The transaction you just received a KNOWN phishing scam. Do NOT connect or give your phrase to that site!
2024-01-27 08:16:07,Recibido,ALGO,0.0001,5ZTFAAE5XSZXQSE2VSYNP2IDQTODCAWJD5YXMPIRYRDVKE3XZSL7FXHCSU,53B5Q2CMPW2HZDZYKXECOMQGZDWNIT4W75B3D5XAT3ABPDCMCQT6RVHJGI,QGAAY4UYTFTBIKD2A4QIRGLJNZCFFTEJOVYPVP3WNS4VTRGPBQQQ,35589145,Hourly reward from Algorand governance. Claim more here. https://algorand-reward.com
2024-01-27 05:33:16,Recibido,ALGO,0.0001,5ZTFAAE5XSZXQSE2VSYNP2IDQTODCAWJD5YXMPIRYRDVKE3XZSL7FXHCSU,53B5Q2CMPW2HZDZYKXECOMQGZDWNIT4W75B3D5XAT3ABPDCMCQT6RVHJGI,FLLTSZY4CPMKX6OHUOWEGEUFWMQI3IAKLQS6S5PRLLOL6FMXGG6Q,35585749,Hourly reward from Algorand governance. Claim more here. https://algorand-reward.com
2024-01-27 02:50:59,Recibido,ALGO,1.3e-05,WARN666I6ITOTBIFMYOOYDAT2JA63QQO2Y6MJCNER5YAF4L6MQO7W6SCAM,53B5Q2CMPW2HZDZYKXECOMQGZDWNIT4W75B3D5XAT3ABPDCMCQT6RVHJGI,R5FQ66H2HVSLRCUH626ZAZPQDPCGHSZQPPFNYXDK3MSEXYH3OZNA,35582349,The transaction you just received a KNOWN phishing scam. Do NOT connect or give your phrase to that site!
2024-01-27 02:50:53,Recibido,ALGO,0.0001,5ZTFAAE5XSZXQSE2VSYNP2IDQTODCAWJD5YXMPIRYRDVKE3XZSL7FXHCSU,53B5Q2CMPW2HZDZYKXECOMQGZDWNIT4W75B3D5XAT3ABPDCMCQT6RVHJGI,R4GW3QH7YPQI5EUSKARQFBASB47QUMOKQJK5D6NRV4N7SPU2V4IQ,35582347,Hourly reward from Algorand governance. Claim more here. https://algorand-reward.com
2024-01-27 00:08:21,Recibido,ALGO,0.0001,5ZTFAAE5XSZXQSE2VSYNP2IDQTODCAWJD5YXMPIRYRDVKE3XZSL7FXHCSU,53B5Q2CMPW2HZDZYKXECOMQGZDWNIT4W75B3D5XAT3ABPDCMCQT6RVHJGI,FHXUAD6ODRBW3TBYBHAAZXUDKN5XQP4VZ3WGAMQDV2GRJ4QVVRLA,35578959,Hourly reward from Algorand governance. Claim more here. https://algorand-reward.com
2024-01-26 21:26:09,Recibido,ALGO,1.3e-05,WARN666I6ITOTBIFMYOOYDAT2JA63QQO2Y6MJCNER5YAF4L6MQO7W6SCAM,53B5Q2CMPW2HZDZYKXECOMQGZDWNIT4W75B3D5XAT3ABPDCMCQT6RVHJGI,RLNVYKIUVHBCQWEZJEHI52JHHLNMXIPPJMYHP2TN64QAKFMP3X5Q,35575570,The transaction you just received a KNOWN phishing scam. Do NOT connect or give your phrase to that site!
2024-01-26 21:26:04,Recibido,ALGO,0.0001,5ZTFAAE5XSZXQSE2VSYNP2IDQTODCAWJD5YXMPIRYRDVKE3XZSL7FXHCSU,53B5Q2CMPW2HZDZYKXECOMQGZDWNIT4W75B3D5XAT3ABPDCMCQT6RVHJGI,OJSPIEHYQBUVQTGBJAOKLGQNQWTLIA5DTIBODGZYFF6N5A2CTZUQ,35575568,Hourly reward from Algorand governance. Claim more here. https://algorand-reward.com
2024-01-26 18:43:31,Recibido,ALGO,0.0001,5ZTFAAE5XSZXQSE2VSYNP2IDQTODCAWJD5YXMPIRYRDVKE3XZSL7FXHCSU,53B5Q2CMPW2HZDZYKXECOMQGZDWNIT4W75B3D5XAT3ABPDCMCQT6RVHJGI,VEMAEAL3WWJKE5TLMQSA4YJSIRJRR54D6SZFNNG7SLL5AEZE65WA,35572175,Hourly reward from Algorand governance. Claim more here. https://algorand-reward.com
2024-01-26 16:01:16,Recibido,ALGO,1.3e-05,WARN666I6ITOTBIFMYOOYDAT2JA63QQO2Y6MJCNER5YAF4L6MQO7W6SCAM,53B5Q2CMPW2HZDZYKXECOMQGZDWNIT4W75B3D5XAT3ABPDCMCQT6RVHJGI,S6JUP7JQOSHW7BCQE4JCUJUVL7WIZ6IANYQBWVDME6DARRPJLTXA,35568784,The transaction you just received a KNOWN phishing scam. Do NOT connect or give your phrase to that site!
2024-01-26 16:01:10,Recibido,ALGO,0.0001,5ZTFAAE5XSZXQSE2VSYNP2IDQTODCAWJD5YXMPIRYRDVKE3XZSL7FXHCSU,53B5Q2CMPW2HZDZYKXECOMQGZDWNIT4W75B3D5XAT3ABPDCMCQT6RVHJGI,FCKQZFJWXTBHDFSE7ZD7IFXAH5FX7K5TLEE43XCSNWE3J3NUS55Q,35568782,Hourly reward from Algorand governance. Claim more here. https://algorand-reward.com
2024-01-26 13:18:44,Recibido,ALGO,0.0001,5ZTFAAE5XSZXQSE2VSYNP2IDQTODCAWJD5YXMPIRYRDVKE3XZSL7FXHCSU,53B5Q2CMPW2HZDZYKXECOMQGZDWNIT4W75B3D5XAT3ABPDCMCQT6RVHJGI,AJ5MN75EZSWV7FJ57Y2AJHHZ4EZY4BT67T3JRI4ADJVGFFMEZJ6Q,35565390,Hourly reward from Algorand governance. Claim more here. https://algorand-reward.com
2024-01-26 10:36:14,Recibido,ALGO,1.3e-05,WARN666I6ITOTBIFMYOOYDAT2JA63QQO2Y6MJCNER5YAF4L6MQO7W6SCAM,53B5Q2CMPW2HZDZYKXECOMQGZDWNIT4W75B3D5XAT3ABPDCMCQT6RVHJGI,DQ3IQXKSDXMXVDR7AW57XVXIOIKZ6W47JDCKUCGKCNVQXUVFT3BA,35561996,The transaction you just received a KNOWN phishing scam. Do NOT connect or give your phrase to that site!
2024-01-26 10:36:08,Recibido,ALGO,0.0001,5ZTFAAE5XSZXQSE2VSYNP2IDQTODCAWJD5YXMPIRYRDVKE3XZSL7FXHCSU,53B5Q2CMPW2HZDZYKXECOMQGZDWNIT4W75B3D5XAT3ABPDCMCQT6RVHJGI,X6UNOGHG5ABCKSJZFJSIQD7M2AB4KL77SHJ4KQSVCJCGOQQUE5OA,35561994,Hourly reward from Algorand governance. Claim more here. https://algorand-reward.com
2024-01-26 07:53:37,Recibido,ALGO,0.0001,5ZTFAAE5XSZXQSE2VSYNP2IDQTODCAWJD5YXMPIRYRDVKE3XZSL7FXHCSU,53B5Q2CMPW2HZDZYKXECOMQGZDWNIT4W75B3D5XAT3ABPDCMCQT6RVHJGI,WJ3J4FO7737CGCBPEC4ZY6BMZIZVVCXZV2VMWLFETKHHRPFMMCQA,35558597,Hourly reward from Algorand governance. Claim more here. https://algorand-reward.com
2024-01-26 04:23:14,Recibido,ALGO,1.3e-05,WARN666I6ITOTBIFMYOOYDAT2JA63QQO2Y6MJCNER5YAF4L6MQO7W6SCAM,53B5Q2CMPW2HZDZYKXECOMQGZDWNIT4W75B3D5XAT3ABPDCMCQT6RVHJGI,W6WR3VUVWFEZNQAFWJYWARUN3EKFQCDT2TBW5ZBABTCNT5ZPJWQQ,35554215,The transaction you just received a KNOWN phishing scam. Do NOT connect or give your phrase to that site!
2024-01-26 04:23:08,Recibido,ALGO,0.0001,5ZTFAAE5XSZXQSE2VSYNP2IDQTODCAWJD5YXMPIRYRDVKE3XZSL7FXHCSU,53B5Q2CMPW2HZDZYKXECOMQGZDWNIT4W75B3D5XAT3ABPDCMCQT6RVHJGI,YTZXT57S2GM62YFL3OC65VJWFLBAXXJNLRFA3YHR5JSARTNAEW7A,35554213,Hourly reward from Algorand governance. Claim more here. https://algorand-reward.com
2024-01-26 01:40:09,Recibido,ALGO,0.0001,5ZTFAAE5XSZXQSE2VSYNP2IDQTODCAWJD5YXMPIRYRDVKE3XZSL7FXHCSU,53B5Q2CMPW2HZDZYKXECOMQGZDWNIT4W75B3D5XAT3ABPDCMCQT6RVHJGI,GZLDUVBMVVZA477UFYBRTS7WV5J2CHYPTMGH277TFUWXRC2YQXAQ,35550821,Hourly reward from Algorand governance. Claim more here. https://algorand-reward.com
2024-01-25 22:57:09,Recibido,ALGO,1.3e-05,WARN666I6ITOTBIFMYOOYDAT2JA63QQO2Y6MJCNER5YAF4L6MQO7W6SCAM,53B5Q2CMPW2HZDZYKXECOMQGZDWNIT4W75B3D5XAT3ABPDCMCQT6RVHJGI,HUOKHU5EZMGDG2UH2JOLOWIBLPKW5TEY3AEX36MZJ2ODNFXHJNWA,35547438,The transaction you just received a KNOWN phishing scam. Do NOT connect or give your phrase to that site!
2024-01-25 22:57:03,Recibido,ALGO,0.0001,5ZTFAAE5XSZXQSE2VSYNP2IDQTODCAWJD5YXMPIRYRDVKE3XZSL7FXHCSU,53B5Q2CMPW2HZDZYKXECOMQGZDWNIT4W75B3D5XAT3ABPDCMCQT6RVHJGI,3V7DXTCYKQA34ZJOOGM66RYHA5BWDZWMP6GSKMZGZ6RHBJGHAREA,35547436,Hourly reward from Algorand governance. Claim more here. https://algorand-reward.com
2024-01-25 20:13:38,Recibido,ALGO,0.0001,5ZTFAAE5XSZXQSE2VSYNP2IDQTODCAWJD5YXMPIRYRDVKE3XZSL7FXHCSU,53B5Q2CMPW2HZDZYKXECOMQGZDWNIT4W75B3D5XAT3ABPDCMCQT6RVHJGI,FSAIM77OUK54PLIZPFNBH4ZY7JOHMV4ECETKRS3IUWAGILIQM7HQ,35544042,Hourly reward from Algorand governance. Claim more here. https://algorand-reward.com
2024-01-25 17:31:20,Recibido,ALGO,1.3e-05,WARN666I6ITOTBIFMYOOYDAT2JA63QQO2Y6MJCNER5YAF4L6MQO7W6SCAM,53B5Q2CMPW2HZDZYKXECOMQGZDWNIT4W75B3D5XAT3ABPDCMCQT6RVHJGI,DBB5Z3SHI5J4366TAQMXCGLS3O33DJJQXTUVBZX6VWN42QU575QA,35540657,The transaction you just received a KNOWN phishing scam. Do NOT connect or give your phrase to that site!
2024-01-25 17:31:14,Recibido,ALGO,0.0001,5ZTFAAE5XSZXQSE2VSYNP2IDQTODCAWJD5YXMPIRYRDVKE3XZSL7FXHCSU,53B5Q2CMPW2HZDZYKXECOMQGZDWNIT4W75B3D5XAT3ABPDCMCQT6RVHJGI,WFSGC7D2GUVKNFTWDHJHJRLYMHOSD2QHT4MP7PVDPNWL63IV3J4A,35540655,Hourly reward from Algorand governance. Claim more here. https://algorand-reward.com
2024-01-25 14:48:57,Recibido,ALGO,0.0001,5ZTFAAE5XSZXQSE2VSYNP2IDQTODCAWJD5YXMPIRYRDVKE3XZSL7FXHCSU,53B5Q2CMPW2HZDZYKXECOMQGZDWNIT4W75B3D5XAT3ABPDCMCQT6RVHJGI,UPWXDQXICTVPM37JQGMJMX4EDJWHSGTOL6BMCPUISPV5OQOB2BCQ,35537244,Hourly reward from Algorand governance. Claim more here. https://algorand-reward.com
2024-01-25 12:06:30,Recibido,ALGO,0.0001,5ZTFAAE5XSZXQSE2VSYNP2IDQTODCAWJD5YXMPIRYRDVKE3XZSL7FXHCSU,53B5Q2CMPW2HZDZYKXECOMQGZDWNIT4W75B3D5XAT3ABPDCMCQT6RVHJGI,WTACBRGHH5UXNBBDBNBZQXU2K4PBGXU57PIOSY7LIGN62CAS3M6A,35533831,Hourly reward from Algorand governance. Claim more here. https://algorand-reward.com
2024-01-25 09:23:57,Recibido,ALGO,0.0001,5ZTFAAE5XSZXQSE2VSYNP2IDQTODCAWJD5YXMPIRYRDVKE3XZSL7FXHCSU,53B5Q2CMPW2HZDZYKXECOMQGZDWNIT4W75B3D5XAT3ABPDCMCQT6RVHJGI,ONSTGDQQ2I3J4LIKJA5GT4IOPS4OGUQOGN5CJ5ZUEE2QN7C3BW5A,35530448,Hourly reward from Algorand governance. Claim more here. https://algorand-reward.com
2024-01-25 06:41:24,Recibido,ALGO,0.0001,5ZTFAAE5XSZXQSE2VSYNP2IDQTODCAWJD5YXMPIRYRDVKE3XZSL7FXHCSU,53B5Q2CMPW2HZDZYKXECOMQGZDWNIT4W75B3D5XAT3ABPDCMCQT6RVHJGI,J7APQO767NNNTVMQ6MADFQD2ODNILH4RQROL34TEQERPHRJD37UA,35527047,Hourly reward from Algorand governance. Claim more here. https://algorand-reward.com
2024-01-25 03:59:19,Recibido,ALGO,0.000911,WARN666I6ITOTBIFMYOOYDAT2JA63QQO2Y6MJCNER5YAF4L6MQO7W6SCAM,53B5Q2CMPW2HZDZYKXECOMQGZDWNIT4W75B3D5XAT3ABPDCMCQT6RVHJGI,ZG2JLUQF22PX7YMXANYIM6M2X47UBXIPNZNIE5H53IXQVGA6DYHQ,35523669,The transaction you just received a KNOWN phishing scam. Do NOT connect or give your phrase to that site!
2024-01-25 03:59:13,Recibido,ALGO,0.0001,5ZTFAAE5XSZXQSE2VSYNP2IDQTODCAWJD5YXMPIRYRDVKE3XZSL7FXHCSU,53B5Q2CMPW2HZDZYKXECOMQGZDWNIT4W75B3D5XAT3ABPDCMCQT6RVHJGI,UJ67WKQM6OYT5NMIMXJKF4TXPRX5FJHUM5VN5RDRETQ3HAXNDP2A,35523667,Hourly reward from Algorand governance. Claim more here. https://algorand-reward.com
2024-01-24 12:08:46,Recibido,ALGO,0.000911,WARN666I6ITOTBIFMYOOYDAT2JA63QQO2Y6MJCNER5YAF4L6MQO7W6SCAM,53B5Q2CMPW2HZDZYKXECOMQGZDWNIT4W75B3D5XAT3ABPDCMCQT6RVHJGI,262DC2KRW6HL6PGXYN3LDZUM5N4TGZSU24V6AI4PJIDWQO36E5ZA,35503808,The transaction you just received a KNOWN phishing scam. Do NOT connect or give your phrase to that site!
2024-01-24 12:08:40,Recibido,ALGO,0.0001,5ZTFAAE5XSZXQSE2VSYNP2IDQTODCAWJD5YXMPIRYRDVKE3XZSL7FXHCSU,53B5Q2CMPW2HZDZYKXECOMQGZDWNIT4W75B3D5XAT3ABPDCMCQT6RVHJGI,3AINTUT5HDXHZS24LQVV2A7CUXM66FXTJGZJR4LUVHLORZAVMT5A,35503806,Hourly reward from Algorand governance. Claim more here. https://algorand-reward.com
2024-01-24 10:10:24,Recibido,ALGO,0.0001,5ZTFAAE5XSZXQSE2VSYNP2IDQTODCAWJD5YXMPIRYRDVKE3XZSL7FXHCSU,53B5Q2CMPW2HZDZYKXECOMQGZDWNIT4W75B3D5XAT3ABPDCMCQT6RVHJGI,IYSRHH3R2TO7KLP6E2QVXR45SYQ3T24EHQB5377QJ364HRWQLGAA,35501333,Hourly reward from Algorand governance. Claim more here. https://algorand-reward.com
2024-01-24 07:27:59,Recibido,ALGO,0.000911,WARN666I6ITOTBIFMYOOYDAT2JA63QQO2Y6MJCNER5YAF4L6MQO7W6SCAM,53B5Q2CMPW2HZDZYKXECOMQGZDWNIT4W75B3D5XAT3ABPDCMCQT6RVHJGI,MLZD6TCTZCJFHG7MBR4UWQRMOKZAGASYYYFXYV4QDLGTFJFTGPNQ,35497934,The transaction you just received a KNOWN phishing scam. Do NOT connect or give your phrase to that site!
2024-01-24 07:27:53,Recibido,ALGO,0.0001,5ZTFAAE5XSZXQSE2VSYNP2IDQTODCAWJD5YXMPIRYRDVKE3XZSL7FXHCSU,53B5Q2CMPW2HZDZYKXECOMQGZDWNIT4W75B3D5XAT3ABPDCMCQT6RVHJGI,U6UJJI5ZCBZDLUBZQ6INKM4QCJJEFEIZZDDYJXDW6UZJMYPNW2MA,35497932,Hourly reward from Algorand governance. Claim more here. https://algorand-reward.com
2024-01-24 04:45:01,Recibido,ALGO,0.000911,WARN666I6ITOTBIFMYOOYDAT2JA63QQO2Y6MJCNER5YAF4L6MQO7W6SCAM,53B5Q2CMPW2HZDZYKXECOMQGZDWNIT4W75B3D5XAT3ABPDCMCQT6RVHJGI,ZBYHGU4WIG452N55J7QNHVONT6CMAK7QLB2OMULL7HNJ4WARTH2A,35494543,The transaction you just received a KNOWN phishing scam. Do NOT connect or give your phrase to that site!
2024-01-24 04:44:54,Recibido,ALGO,0.0001,5ZTFAAE5XSZXQSE2VSYNP2IDQTODCAWJD5YXMPIRYRDVKE3XZSL7FXHCSU,53B5Q2CMPW2HZDZYKXECOMQGZDWNIT4W75B3D5XAT3ABPDCMCQT6RVHJGI,ME67BP7G7TNMQGJDVU6TGVYLNXHHLCH4B54B5YB3TKL5ASJT3DVA,35494541,Hourly reward from Algorand governance. Claim more here. https://algorand-reward.com
2024-01-24 02:01:24,Recibido,ALGO,1e-06,WARN666I6ITOTBIFMYOOYDAT2JA63QQO2Y6MJCNER5YAF4L6MQO7W6SCAM,53B5Q2CMPW2HZDZYKXECOMQGZDWNIT4W75B3D5XAT3ABPDCMCQT6RVHJGI,OMEPLKGRVNWVLRFK3UW5TOZ2LQ2DGW6JY2JMDN34MSFG6FPAYDNA,35491129,The transaction you just received a KNOWN phishing scam. Do NOT connect or give your phrase to that site!
2024-01-24 02:01:19,Recibido,ALGO,0.0001,5ZTFAAE5XSZXQSE2VSYNP2IDQTODCAWJD5YXMPIRYRDVKE3XZSL7FXHCSU,53B5Q2CMPW2HZDZYKXECOMQGZDWNIT4W75B3D5XAT3ABPDCMCQT6RVHJGI,YTVNAVD3IYPGBBRRR5DXTFQUWLHB73FHGBHPSTSPMS6TAAQXRMDA,35491127,Hourly reward from Algorand governance. Claim more here. https://algorand-reward.com
2024-01-23 23:18:07,Recibido,ALGO,0.0001,5ZTFAAE5XSZXQSE2VSYNP2IDQTODCAWJD5YXMPIRYRDVKE3XZSL7FXHCSU,53B5Q2CMPW2HZDZYKXECOMQGZDWNIT4W75B3D5XAT3ABPDCMCQT6RVHJGI,BFXLOG24CYFP2UMAW7ZXQCWTWGRGDGDPESDUZEWHXWTLN7YC5ZIA,35487729,Hourly reward from Algorand governance. Claim more here. https://algorand-reward.com
2024-01-23 22:08:21,Recibido,ALGO,0.0001,5ZTFAAE5XSZXQSE2VSYNP2IDQTODCAWJD5YXMPIRYRDVKE3XZSL7FXHCSU,53B5Q2CMPW2HZDZYKXECOMQGZDWNIT4W75B3D5XAT3ABPDCMCQT6RVHJGI,33OHN44OXSQUBT225FYZEWHKZKVS3T22DTIIAWQXY4OOMDYCIR3A,35486265,Hourly reward from Algorand governance. Claim more here. https://algorand-reward.com
2024-01-23 20:59:08,Recibido,ALGO,0.0001,5ZTFAAE5XSZXQSE2VSYNP2IDQTODCAWJD5YXMPIRYRDVKE3XZSL7FXHCSU,53B5Q2CMPW2HZDZYKXECOMQGZDWNIT4W75B3D5XAT3ABPDCMCQT6RVHJGI,MGRG4UBWYO34QX7P6A3CWTQB2VPZVEUU57XNHL5XDHQSM2KQHR4A,35484808,Hourly reward from Algorand governance. Claim more here. https://algorand-reward.com
2024-01-23 19:49:56,Recibido,ALGO,0.0001,5ZTFAAE5XSZXQSE2VSYNP2IDQTODCAWJD5YXMPIRYRDVKE3XZSL7FXHCSU,53B5Q2CMPW2HZDZYKXECOMQGZDWNIT4W75B3D5XAT3ABPDCMCQT6RVHJGI,LDZXATZIXIT5BD6JY77X6MWKYBJGXURQL3GCDCEQH6QIVXEGXOJQ,35483354,Hourly reward from Algorand governance. Claim more here. https://algorand-reward.com
2024-01-23 18:40:34,Recibido,ALGO,0.0001,5ZTFAAE5XSZXQSE2VSYNP2IDQTODCAWJD5YXMPIRYRDVKE3XZSL7FXHCSU,53B5Q2CMPW2HZDZYKXECOMQGZDWNIT4W75B3D5XAT3ABPDCMCQT6RVHJGI,X3DBYVJHYKKISU7BDTUSVHWJGNSEFDX5ZHB2GBCRPSXFGUJ7TT6A,35481914,Hourly reward from Algorand governance. Claim more here. https://algorand-reward.com
2024-01-23 17:31:21,Recibido,ALGO,0.0001,5ZTFAAE5XSZXQSE2VSYNP2IDQTODCAWJD5YXMPIRYRDVKE3XZSL7FXHCSU,53B5Q2CMPW2HZDZYKXECOMQGZDWNIT4W75B3D5XAT3ABPDCMCQT6RVHJGI,TNFKTJO2QLQ457WB6QXQGUNJSPS7IZ6F4M533IC3ZF7SYZU5JA7Q,35480458,Hourly reward from Algorand governance. Claim more here. https://algorand-reward.com
2024-01-23 16:22:08,Recibido,ALGO,0.0001,5ZTFAAE5XSZXQSE2VSYNP2IDQTODCAWJD5YXMPIRYRDVKE3XZSL7FXHCSU,53B5Q2CMPW2HZDZYKXECOMQGZDWNIT4W75B3D5XAT3ABPDCMCQT6RVHJGI,BDORQNKG2Z27LBAKYQIGNAV6QLZMHHBALISMPZ5OKHTWARFHG2AQ,35479004,Hourly reward from Algorand governance. Claim more here. https://algorand-reward.com
2024-01-23 15:12:54,Recibido,ALGO,0.0001,5ZTFAAE5XSZXQSE2VSYNP2IDQTODCAWJD5YXMPIRYRDVKE3XZSL7FXHCSU,53B5Q2CMPW2HZDZYKXECOMQGZDWNIT4W75B3D5XAT3ABPDCMCQT6RVHJGI,CVFVZ6SOBXUPS4LVDQAD35A3VWGM6NW34Z7HIRVHUBOW6B55ELXQ,35477544,Hourly reward from Algorand governance. Claim more here. https://algorand-reward.com
2024-01-23 14:03:43,Recibido,ALGO,0.0001,5ZTFAAE5XSZXQSE2VSYNP2IDQTODCAWJD5YXMPIRYRDVKE3XZSL7FXHCSU,53B5Q2CMPW2HZDZYKXECOMQGZDWNIT4W75B3D5XAT3ABPDCMCQT6RVHJGI,NPYUOWHLCKBJTFHVNNQQWJXEN64BQSB3WBQJV3H5JUIWKPBCZGYQ,35476088,Hourly reward from Algorand governance. Claim more here. https://algorand-reward.com
2024-01-23 12:54:17,Recibido,ALGO,0.0001,5ZTFAAE5XSZXQSE2VSYNP2IDQTODCAWJD5YXMPIRYRDVKE3XZSL7FXHCSU,53B5Q2CMPW2HZDZYKXECOMQGZDWNIT4W75B3D5XAT3ABPDCMCQT6RVHJGI,O5N5HDQNZ5YHFVEBKAXU3WSZILU3BXKAMTMOYGCCO5YTRHHK64LQ,35474643,Hourly reward from Algorand governance. Claim more here. https://algorand-reward.com
2024-01-23 11:44:54,Recibido,ALGO,0.0001,5ZTFAAE5XSZXQSE2VSYNP2IDQTODCAWJD5YXMPIRYRDVKE3XZSL7FXHCSU,53B5Q2CMPW2HZDZYKXECOMQGZDWNIT4W75B3D5XAT3ABPDCMCQT6RVHJGI,TG64ZY6Q5WREURK7UFHET53FEVFEIQAEYYXVYHKDTJROFFLZFHFQ,35473199,Hourly reward from Algorand governance. Claim more here. https://algorand-reward.com
2024-01-23 10:35:39,Recibido,ALGO,0.0001,5ZTFAAE5XSZXQSE2VSYNP2IDQTODCAWJD5YXMPIRYRDVKE3XZSL7FXHCSU,53B5Q2CMPW2HZDZYKXECOMQGZDWNIT4W75B3D5XAT3ABPDCMCQT6RVHJGI,67ZTT7WCS3YEPZTQI2OA2HDGNWNI7HQMTF4FJVECI3ERHG6MKXMA,35471755,Hourly reward from Algorand governance. Claim more here. https://algorand-reward.com
2024-01-23 09:26:19,Recibido,ALGO,0.0001,5ZTFAAE5XSZXQSE2VSYNP2IDQTODCAWJD5YXMPIRYRDVKE3XZSL7FXHCSU,53B5Q2CMPW2HZDZYKXECOMQGZDWNIT4W75B3D5XAT3ABPDCMCQT6RVHJGI,DUPF2Q4EHBUB6WFS5NR3HDNMSKGZWTHSDCJMKQPX57AWLZRTDZRQ,35470305,Hourly reward from Algorand governance. Claim more here. https://algorand-reward.com
2024-01-23 08:15:55,Recibido,ALGO,0.0001,5ZTFAAE5XSZXQSE2VSYNP2IDQTODCAWJD5YXMPIRYRDVKE3XZSL7FXHCSU,53B5Q2CMPW2HZDZYKXECOMQGZDWNIT4W75B3D5XAT3ABPDCMCQT6RVHJGI,77UE4HLCDFSYAV4KRBRICVZAP3ZE3KIQTNT3TWW7LSBDQQEERRWA,35468830,Hourly reward from Algorand governance. Claim more here. https://algorand-reward.com
2024-01-23 07:06:41,Recibido,ALGO,0.0001,5ZTFAAE5XSZXQSE2VSYNP2IDQTODCAWJD5YXMPIRYRDVKE3XZSL7FXHCSU,53B5Q2CMPW2HZDZYKXECOMQGZDWNIT4W75B3D5XAT3ABPDCMCQT6RVHJGI,ZHRUKI4WNIKMB4ZB4XOSYDIEZ3NJ6COKKXSVGA2AKCLDE7MTYY5A,35467387,Hourly reward from Algorand governance. Claim more here. https://algorand-reward.com
2024-01-23 05:49:51,Recibido,ALGO,0.0001,5ZTFAAE5XSZXQSE2VSYNP2IDQTODCAWJD5YXMPIRYRDVKE3XZSL7FXHCSU,53B5Q2CMPW2HZDZYKXECOMQGZDWNIT4W75B3D5XAT3ABPDCMCQT6RVHJGI,FFUJBIYNZGMX2JYP5WF7A3KPDPUKOEJKVLBCEGX3MZDLVZ7TIHDQ,35465789,Hourly reward from Algorand governance. Claim more here. https://algorand-reward.com
2024-01-23 04:40:22,Recibido,ALGO,0.0001,5ZTFAAE5XSZXQSE2VSYNP2IDQTODCAWJD5YXMPIRYRDVKE3XZSL7FXHCSU,53B5Q2CMPW2HZDZYKXECOMQGZDWNIT4W75B3D5XAT3ABPDCMCQT6RVHJGI,XIHMBEYIPIE7ABLDPBVYRT6GUTTYLNY3QBXF24X3XS55RQORSR7Q,35464347,Hourly reward from Algorand governance. Claim more here. https://algorand-reward.com
2024-01-23 02:56:23,Recibido,ALGO,0.0001,5ZTFAAE5XSZXQSE2VSYNP2IDQTODCAWJD5YXMPIRYRDVKE3XZSL7FXHCSU,53B5Q2CMPW2HZDZYKXECOMQGZDWNIT4W75B3D5XAT3ABPDCMCQT6RVHJGI,CNPGSUUABPL42KFMAIAEKDR6SEOSVEPOCIZWYOTHWRI5S5BY4YDA,35462163,Hourly reward from Algorand governance. Claim more here. https://algorand-reward.com
2024-01-23 00:37:01,Recibido,ALGO,0.0001,5ZTFAAE5XSZXQSE2VSYNP2IDQTODCAWJD5YXMPIRYRDVKE3XZSL7FXHCSU,53B5Q2CMPW2HZDZYKXECOMQGZDWNIT4W75B3D5XAT3ABPDCMCQT6RVHJGI,VWPOLRREOBNRAX2VXQ2YE5P3GC2CIIJSDPEBTVE6YSH62O5UCB2Q,35459258,Hourly reward from Algorand governance. Claim more here. https://algorand-reward.com
2024-01-22 20:06:53,Recibido,ALGO,0.0001,5ZTFAAE5XSZXQSE2VSYNP2IDQTODCAWJD5YXMPIRYRDVKE3XZSL7FXHCSU,53B5Q2CMPW2HZDZYKXECOMQGZDWNIT4W75B3D5XAT3ABPDCMCQT6RVHJGI,FESGU5F4UEERLD6LW2UYR4RHBOCAYP6ONW5EB57RHKAJVDUL75HQ,35453617,Hourly reward from Algorand governance. Claim more here. https://algorand-reward.com
2024-01-12 12:27:33,Recibido,ALGO,74999985.0,PMKMPWI6EBX3MLYNL45LJTUDHZVPJHKNFAO4IGR7PNLP2EY2CTKO3JI4WY,53B5Q2CMPW2HZDZYKXECOMQGZDWNIT4W75B3D5XAT3ABPDCMCQT6RVHJGI,PF2GSYWHTRHOALZIKGTAGXMDRKBY3CHT7RJOBIZF33R7FRDFXZKQ,35163780,
2024-01-12 12:18:57,Recibido,ALGO,10.0,PMKMPWI6EBX3MLYNL45LJTUDHZVPJHKNFAO4IGR7PNLP2EY2CTKO3JI4WY,53B5Q2CMPW2HZDZYKXECOMQGZDWNIT4W75B3D5XAT3ABPDCMCQT6RVHJGI,GJBWQVQL2OYO6YBFYC4SY5TKQ5QO235KRRUSPWVJH3UAVO2YTBQA,35163628,
2024-01-12 12:11:26,Recibido,ALGO,5.0,PMKMPWI6EBX3MLYNL45LJTUDHZVPJHKNFAO4IGR7PNLP2EY2CTKO3JI4WY,53B5Q2CMPW2HZDZYKXECOMQGZDWNIT4W75B3D5XAT3ABPDCMCQT6RVHJGI,6TCSLZMZVNUWGE4G4YERTIZQHXKRWM3YOQ44BCYO5MEJCWG7PUKA,35163495,
2023-07-21 09:32:14,Recibido,ALGO,0.0112,VMVWNYDCSPK5JLIG5HEUOEEJIQZVBJXYJXAITLZQFZLI5GBN2MAYOP4VEE,53B5Q2CMPW2HZDZYKXECOMQGZDWNIT4W75B3D5XAT3ABPDCMCQT6RVHJGI,AUPRUK6LRZ2I5ZJWZY5PVRALG2TS6K7TOOBAMXSCARXXYQ5ECSHQ,30687313,
2023-07-14 14:42:36,Recibido,ALGO,0.00911,VMVWNYDCSPK5JLIG5HEUOEEJIQZVBJXYJXAITLZQFZLI5GBN2MAYOP4VEE,53B5Q2CMPW2HZDZYKXECOMQGZDWNIT4W75B3D5XAT3ABPDCMCQT6RVHJGI,SAL2A4GZ6DNHYN267EUOK2V2R4LGVLTIICU7QKH5ILTADDUQY6GA,30514101,
2023-07-12 07:38:45,Recibido,ALGO,74999970.0,PMKMPWI6EBX3MLYNL45LJTUDHZVPJHKNFAO4IGR7PNLP2EY2CTKO3JI4WY,53B5Q2CMPW2HZDZYKXECOMQGZDWNIT4W75B3D5XAT3ABPDCMCQT6RVHJGI,W24ENOACK4FX3P7OY7VLAWQLSRAMWBRHXOKWNFIDHKRT7VA4A4AA,30455394,
2023-07-12 07:36:31,Recibido,ALGO,20.0,PMKMPWI6EBX3MLYNL45LJTUDHZVPJHKNFAO4IGR7PNLP2EY2CTKO3JI4WY,53B5Q2CMPW2HZDZYKXECOMQGZDWNIT4W75B3D5XAT3ABPDCMCQT6RVHJGI,WJMV43RWA7DHPPRYQGFOOHVTCU3GKX6IC3JYOFDE5K6WKCYLG2JA,30455354,
2023-07-11 16:36:13,Recibido,ALGO,10.0,PMKMPWI6EBX3MLYNL45LJTUDHZVPJHKNFAO4IGR7PNLP2EY2CTKO3JI4WY,53B5Q2CMPW2HZDZYKXECOMQGZDWNIT4W75B3D5XAT3ABPDCMCQT6RVHJGI,7RS2TFCDRDQM2W5TBJ3MD6TTXWPIOBAVM7SCXIKQADF25C2TJ3FQ,30439167,
2023-04-20 14:55:40,Recibido,ALGO,49999995.0,PMKMPWI6EBX3MLYNL45LJTUDHZVPJHKNFAO4IGR7PNLP2EY2CTKO3JI4WY,53B5Q2CMPW2HZDZYKXECOMQGZDWNIT4W75B3D5XAT3ABPDCMCQT6RVHJGI,RNX6STN37JWGQ66RFW3BHCNCDVUSCPXSNL2HVXVMZQNENZ27JYMA,28509298,
2023-04-20 14:50:34,Recibido,ALGO,5.0,PMKMPWI6EBX3MLYNL45LJTUDHZVPJHKNFAO4IGR7PNLP2EY2CTKO3JI4WY,53B5Q2CMPW2HZDZYKXECOMQGZDWNIT4W75B3D5XAT3ABPDCMCQT6RVHJGI,3AJQWDO2BS26Z6AFLL3OVT7ZUXYRMAZC46SVXICW6RAAJIXLOFWQ,28509214,
2023-04-20 14:50:34,Recibido,ALGO,0.364,PMKMPWI6EBX3MLYNL45LJTUDHZVPJHKNFAO4IGR7PNLP2EY2CTKO3JI4WY,53B5Q2CMPW2HZDZYKXECOMQGZDWNIT4W75B3D5XAT3ABPDCMCQT6RVHJGI,LW26Q6VAK6KNLTBVMR5E2SLT7AF5UUB2HJEKJYSVAOAHXE3DBKUA,28509214,
